{"cameraMode":{"drawMode":0,"name":"Shaded","section":"Shading Mode"},"sceneLighting":false,"audioPlay":false,"sceneViewState":{"showFog":true,"showMaterialUpdate":false,"showSkybox":false,"showFlares":true,"showImageEffects":true,"showParticleSystems":true},"in2DMode":false,"pivot":{"x":0.0,"y":1.5681647062301636,"z":-0.797736644744873},"rotation":{"x":-0.035040609538555148,"y":0.7051816582679749,"z":-0.03493451699614525,"w":-0.7073034048080444},"size":2.354447841644287,"orthographic":true}