{"cameraMode":{"drawMode":0,"name":"Shaded","section":"Shading Mode"},"sceneLighting":false,"audioPlay":false,"sceneViewState":{"showFog":true,"showMaterialUpdate":false,"showSkybox":false,"showFlares":true,"showImageEffects":true,"showParticleSystems":true},"in2DMode":false,"pivot":{"x":15.199999809265137,"y":1.3299999237060547,"z":0.07999992370605469},"rotation":{"x":-0.035040609538555148,"y":0.7051816582679749,"z":-0.03493451699614525,"w":-0.7073034048080444},"size":1.8441224098205567,"orthographic":true}