{"cameraMode":{"drawMode":0,"name":"Shaded","section":"Shading Mode"},"sceneLighting":true,"audioPlay":false,"sceneViewState":{"showFog":true,"showMaterialUpdate":false,"showSkybox":true,"showFlares":true,"showImageEffects":true,"showParticleSystems":true},"in2DMode":false,"pivot":{"x":-2.7610549926757814,"y":1.4715423583984376,"z":-9.5367431640625e-7},"rotation":{"x":-0.05606582760810852,"y":0.013174908235669136,"z":-0.0007446763920597732,"w":-0.9983486533164978},"size":2.3051793575286867,"orthographic":true}