{"cameraMode":{"drawMode":0,"name":"Shaded","section":"Shading Mode"},"sceneLighting":true,"audioPlay":false,"sceneViewState":{"showFog":true,"showMaterialUpdate":false,"showSkybox":true,"showFlares":true,"showImageEffects":true,"showParticleSystems":true},"in2DMode":false,"pivot":{"x":9.729927062988282,"y":0.1506456583738327,"z":-4.479750633239746},"rotation":{"x":0.06251074373722077,"y":-0.6328339576721191,"z":0.05137212947010994,"w":0.7700504660606384},"size":2.110241413116455,"orthographic":false}