{"cameraMode":{"drawMode":0,"name":"Shaded","section":"Shading Mode"},"sceneLighting":false,"audioPlay":false,"sceneViewState":{"showFog":true,"showMaterialUpdate":false,"showSkybox":false,"showFlares":true,"showImageEffects":true,"showParticleSystems":true},"in2DMode":false,"pivot":{"x":8.940696716308594e-8,"y":0.0,"z":5.960464477539063e-8},"rotation":{"x":-0.3557439148426056,"y":-0.15814565122127534,"z":0.06121336296200752,"w":-0.9190701842308044},"size":0.4676062762737274,"orthographic":false}